record_id,cat_diversity,cont_diversity,count_diversity
0,0.75,24.514177985840085,0.8333333333333333
1,0.75,19.194105810804714,0.875
2,0,0,0
3,0.75,1.512457532526511,0.625
4,0.5,25.064209427010574,0.625
5,0.5,2.9919370077835237,0.625
6,0.5833333333333333,35.93165855578212,0.7916666666666666
7,0.75,2.3035288974895813,0.75
8,0.5,13.009429318868047,0.75
9,0.41666666666666663,2.0156358794375775,0.5833333333333333
